Song Name,Code
Abba - Dancing Queen.mp3,36827
Abba - Mamma mia.mp3,98714
Abba - The Winner Takes It All.mp3,62738
Alberta Hunter - Darktown Strutters Ball.mp3,53180
Amy Winehouse - 07 Tears Dry On Their Own.mp3,32906
Beatles - All You Need Is Love.mp3,70462
Billy Joel -  We Didn't Start the Fire.mp3,64305
Billy Joel - The River of Dreams.mp3,36497
Blink 182 - What's My Age Again.mp3,75914
Blue Room Boys - Do Your Duty.mp3,69173
Bon Jovi - Always.mp3,81245
Carsie Blanton - Baby Can Dance.mp3,89204
Cat Stevens-Another Saturday Night.mp3,61275
Chiquititas - Luz De Estrella.mp3,80257
CHIQUITITAS - TODO TODO.mp3,28479
Clairy Browne & the Bangin' Rackettes I'll Be Fine.mp3,48650
Cosmic Dawn - I Will Survive Adventure Of A Lifetime.mp3,70319
David Bowie - Starman.mp3,65428
Dido - Thank You.mp3,83054
Disney - I Wan'na Be Like You.mp3,78321
"Earth, Wind & Fire - September.mp3",76850
Edith Piaf -  No Regrets.mp3,74306
Edith Piaf - La Foule.mp3,85762
Edith Piaf - La Vie En Rose.mp3,49165
Edith Piaf - Milord.mp3,95038
"Edith Piaf - Non, Je Ne Regrette Rien.mp3",19532
Elton John-Crocodile Rock.mp3,75213
Elton John-Honky Cat.mp3,82079
Erreway - vas_a_salvarte.mp3,69375
Foster The People - Pumped up Kicks.mp3,25193
Frank Sinatra - I Love You Baby.mp3,21035
Funknstein-message.mp3,36091
Gordon Webster - I Like Pie.mp3,83610
Green Day - Holiday.mp3,30596
Haris Alexiou - Den Niotho Tipsi.mp3,19472
Haris Alexiou - Ti Einai Afto Pou To Lene Agapi.mp3,35146
Haris Alexiou - To Aisthima Mou.mp3,53892
Haris Alexiou - To Tango Tis Nefelis.mp3,89567
HIM - Wings Of A Butterfly.mp3,84057
Infected Mushroom - Becoming Insane(radio mix).mp3,24185
Jamie Berry - Super Mario Bros (Electro-Swing Remix).mp3,65390
Jon Travolta - Summer nights.mp3,19308
Joni Mitchell - Twisted.mp3,20768
Kelly Clarkson - Because of You.mp3,74539
La La Land Soundtrack - Someone in the Crowd.mp3,46531
Lady Gaga - The Edge of Glory.mp3,81502
Lenny Kravitz - It Aint Over Til Its Over.mp3,53049
Maneskin - Beggin.mp3,45762
"Mercedes Sosa - Maria, Maria.mp3",47856
Mercedes Sosa - Todo Cambia.mp3,32061
Michael Jackson - Love Never Felt So Good.mp3,41098
Mr.K - What Makes Me Latch On A Dream.mp3,46539
Oasis - Dont Look Back In Anger.mp3,36785
Of Monsters and Men - Little Talks.mp3,16783
OneRepublic - Counting Stars.mp3,35816
Princess and the Frog - Almost There.mp3,72013
Queeen - Somebody To Love.mp3,71426
Queen - Fat Bottomed Girls.mp3,98034
Queen - We Are The Champions.mp3,89063
Red Hot Chili Peppers - Tell Me Baby.mp3,95672
Scorpions - Wind Of Change.mp3,26097
Simon & Garfunkel - Mrs. Robinson.mp3,18627
Sixpence None the Richer - Kiss Me.mp3,95137
The Beatles - Help.mp3,43215
The Beatles - Oh Darling.mp3,75693
The Black Eyed Pease - I Gotta Feeling.mp3,42615
The Doors - Light My Fire.mp3,82654
The Lion King - Can You Feel the Love Tonight.mp3,31568
The Lion King - The lions sleep tonigth.mp3,90537
אבטיפוס - שש עשרה מלאו לנער.mp3,57684
אביב גפן - עונות.mp3,31094
אורי פיינמן - להשתטות קצת לפעמים.mp3,64735
אילנית - אי שם.mp3,29543
איפה הילד-נפלת חזק.mp3,49237
אפרת גוש - בוא אלי - טריו.mp3,81976
אריק איינשטיין - אדוני השופט.mp3,70821
אריק איינשטיין - אינך יכולה.mp3,70958
אריק איינשטיין - קפה טורקי.mp3,14027
אריק איינשטיין - שבת בבוקר.mp3,65387
אריק לביא - למה לא אמרת.mp3,48051
בצל ירוק - ונצואלה.mp3,43976
ג'ודי כץ - תני לי להחליט.mp3,51690
גלי עטרי - השיר שיביא לך אהבה.mp3,17538
הבילויים - שגר פגר.mp3,46758
החלונות הגבוהים - כל השבוע לך.mp3,67123
הפיג'מות - שקט.mp3,27415
הראל סקעת - האהבה שלי היא לא האהבה שלו.mp3,94650
התקווה 6 - אני אשיר לך שיר.mp3,64238
חוה אלברשטיין - אישה באבטיח.mp3,85307
חלב ודבש - אולי עוד קיץ.mp3,92754
יגאל בשן - תן לי את היום הזה.mp3,94015
יוני בלוך - הפיג'מות.mp3,72096
יוני בלוך - מכיר אותו.mp3,64753
ישראל בר-און - הנני מצהיר בזאת.mp3,79286
מאיר אריאל - זרעי קיץ.mp3,93856
מאיר אריאל - סוף עונת התפוזים.mp3,18562
מוניקה סקס - גשם חזק.mp3,71084
מוניקה סקס - על הרצפה.mp3,72094
מלכה באיה - אם את בעניין.mp3,46518
מתי כספי - נוח.mp3,32786
Mercedes Sosa - Alfonsina Y El Mar.mp3,93857
"Mercedes Sosa - Duerme, Negrito.mp3",37140
Mercedes Sosa - Gracias A La Vida.mp3,17624
Norah Jones - Feels Like Home - 01 - Sunrise.mp3,78639
Norah Jones - Feels Like Home - 05 - In The Morning.mp3,49835
אריק איינשטיין - שבת בבוקר.mp3,27634
שרי - לעולם בעקבות השמש.mp3,60327
Bach - Aria (from) Hunt Cantata.mp3,20764
"Chopin - Nocturne In C Minor, Op.48 No.1.mp3",31846
"Chopin - Piano Sonata No.3 In B Minor, O.mp3",52378
"Chopin - Prelude In D Flat Major, Op.28.mp3",63097
"Chopin - Prelude In E Minor, Op.28 No.4.mp3",97254
"Chopin, Frederic - 4 Waltz No.2 In A flat Major.mp3",89452
Couperin - Seconde Lecon-Vau.mp3,28356
Dave Brubeck - Take 5.mp3,76320
Debussy - Clair De Lune.mp3,28936
Fantaisie-Impromptu In C Sharp Minor.mp3,69827
Handel - The Cheritable Shall Be.mp3,27904
Mercedes Sosa - Alfonsina Y El Mar.mp3,10379
Mercedes Sosa - Gracias A La Vida.mp3,63042
"Nocturne In E Flat Major, Op.9 No.2.mp3",68250
Purcell - Wondrous Machine.mp3,43689
Rameau - Entree Des Quatre Nation.mp3,85437
"Variations In B Flat Major, Op.2. Al.mp3",63598
Vivaldi - Nulla In Mundo Pax Sinc.mp3,54280
Vivaldi - the Four Seasons - Spring.mp3,93058
Erreway-rebelde_way.mp3,28013
Erreway-resistire.mp3,19453
Merrie Melodies & Looney Tunes - Opening themes.mp3,24956
אנימניאקס - מדינות העולם.mp3,58973
טלויזיה - אוטובוס הקסמים.mp3,60571
טלויזיה - אנימניאקס.mp3,45986
טלויזיה - אריזה משפחתית.mp3,48927
טלויזיה - ארתור.mp3,12896
טלויזיה - בזיק ויויו.mp3,42836
טלויזיה - בילבי.mp3,78640
טלויזיה - בימבה.mp3,24079
טלויזיה - בלינקי ביל.mp3,30652
טלויזיה - בנות הפאוורפאף.mp3,43826
טלויזיה - גאיה גל וגילי.mp3,15960
טלויזיה - גברת פלפלת.mp3,79368
טלויזיה - גברת פלפלת2.mp3,45796
טלויזיה - דיג'ימון.mp3,90367
טלויזיה - דני שובבני.mp3,69103
טלויזיה - דרגון בול זי.mp3,32958
טלויזיה - דרדסים.mp3,84937
טלויזיה - האלופה.mp3,21497
טלויזיה - הביגבגים.mp3,28907
טלויזיה - הבית של גלוריה.mp3,83075
טלויזיה - הבית של פיסטוק.mp3,21589
טלויזיה - הדרדסים.mp3,86579
טלויזיה - החברה הטובים.mp3,34052
טלויזיה - הילדים מגבעת נפוליאון.mp3,39415
טלויזיה - היתקליף.mp3,14259
טלויזיה - הלב.mp3,96830
טלויזיה - המומינים.mp3,28473
טלויזיה - המופע של לולו.mp3,57043
טלויזיה - המחסן של כאילו.mp3,42135
טלויזיה - המלך בבר.mp3,83261
טלויזיה - המעבדה של דקסטר.mp3,17463
טלויזיה - המעופפים הנועזים.mp3,54687
טלויזיה - הנסיך המדליק מבל אייר.mp3,18593
טלויזיה - הפיג'מות.mp3,96213
טלויזיה - הפליסטונס.mp3,35906
טלויזיה - הפנתר הורוד.mp3,76839
טלויזיה - הקוסם מארץ עוץ.mp3,93152
טלויזיה - השיר שלנו.mp3,19452
טלויזיה - השלישיה.mp3,94713
טלויזיה - חברים.mp3,56978
טלויזיה - חוש חש הבלש.mp3,43682
טלויזיה - טאז.mp3,83267
טלויזיה - טומי ואוסקר.mp3,64075
טלויזיה - טייני טונס.mp3,87460
טלויזיה - לחיי האהבה.mp3,30428
טלויזיה - מיכאלה.mp3,71635
טלויזיה - משחק החיים.mp3,70384
טלויזיה - סדריק.mp3,82746
טלויזיה - סיפורי אבא בונה.mp3,61430
טלויזיה - סנופי.mp3,42869
טלויזיה - ספיידרמן.mp3,65980
טלויזיה - סקובי דו.mp3,32406
טלויזיה - עוגי והמקקים.mp3,96418
טלויזיה - עכבר העיר עכבר הכפר.mp3,64518
טלויזיה - עליסה בארץ הפלאות.mp3,17264
טלויזיה - ערוץ הילדים המקום האמיתי.mp3,59630
טלויזיה - פו הדב.mp3,26931
טלויזיה - פופאי.mp3,85263
טלויזיה - פוקימון.mp3,17062
טלויזיה - פיטר פן.mp3,16279
טלויזיה - פינקי והמוח.mp3,59860
טלויזיה - פספוסים.mp3,72914
טלויזיה - צבי הנינג'ה.mp3,31825
טלויזיה - צער גידול בנות.mp3,93682
טלויזיה - קופיקו.mp3,36158
טלויזיה - קטנטנות.mp3,25748
טלויזיה - קטקטים.mp3,34608
טלויזיה - קצפת.mp3,40365
טלויזיה - רגע עם דודלי.mp3,92781
טלויזיה - רדוול.mp3,46073
טלויזיה - רולי פולי אולי.mp3,42167
טלויזיה - רכבת ההפתעות.mp3,76315
טלויזיה - שיר הטלפון.mp3,39471
טלויזיה - שלושת המוסקטרים.mp3,94801
טלויזיה - שלתיאל קוואק.mp3,58149
טלויזיה- עלילות בבאי.mp3,89614
יגאל בשן - נילס הולגרסון.mp3,40678
שמש - שיר פתיחה.mp3,90631
a-ha - Take On Me.mp3,90817
ALEXANDRA STAN - Mr. Saxobeat.mp3,40893
American Boy - Estelle.mp3,62913
Barry Manilow - Copacabana.mp3,80274
Blondie - Heart of Glass.mp3,92815
Britney Spears - Toxic.mp3,34829
Caravan Palace - Bambous.mp3,80137
Caravan Palace - Rock It For Me.mp3,12357
Cyndi Lauper - Girls Just Want To Have Fun.mp3,96584
Electric Swing Circus - Bella Belle (Grafter Remix).mp3,17249
funknstein-we_gonna_funk.mp3,43810
Joni Mitchell - Raised on Robbery.mp3,10859
Lady Gaga - Alejandro.mp3,58296
Lady Gaga - Bad Romance.mp3,54293
Lily Allen - Fuck You.mp3,14896
Lou Bega - Mambo No 5.mp3,29853
Madonna - Hung Up.mp3,29835
Nelly Furtado - Turn Off The Lights.mp3,25968
Noga Erez - NO news on TV.mp3,17495
Parov Stelar - Libella Swing.mp3,51980
Pitbull - Feel This Moment ft. Christina Aguilera.mp3,95647
POLO & PAN Ani Kuni (official video).mp3,49361
Queen - Crazy Little Thing Called Love.mp3,83627
Queen - Good Old-Fashioned Lover Boy.mp3,19480
Sia - Cheap Thrills Ft. Sean Paul.mp3,56407
Sum 41 - In Too Deep.mp3,60529
The Rocky Horror Picture Show - The Time Warp.mp3,61078
Vengaboys - Boom Boom Boom Boom.mp3,91654
Wheatus - Teenage Dirtbag.mp3,23987
בנזין - יום שישי את יודעת.mp3,57940
הדורבנים - עוד לילה.mp3,35290
היי פייב - כולם רוקדים עכשיו.mp3,65483
יוני בלוך - אחריות.mp3,91508
"לידוי, אסטמה ושקד פררה - עור ברווז (ביט של מנטוס).mp3",56349
מופע הארנבות של דוקטור קספר - תראו אותי.mp3,51084
נועה קירל ואילן פלד - טרילילי טרללה Noa Kirel & Ilan Peled - Trilili Tralala (Prod by K-Kov).mp3,13726
עדן בן זקן - תרקדו.mp3,31095
עדן בן זקן ואיתי גלו - מועבט.mp3,58364
שבק ס' - תתקעו בחצוצרה.mp3,71368
